başvuru_metni,öncelik_skoru
"Şehirdeki restoranları keşfetmek için buradayım, konaklama ihtiyacım var.",1
"Kardeşimle gezmeye geldim, konaklayacak bir yere ihtiyacım var.",1
"Arkadaşlarımla şehir turu yapacağız, yurtta bir gece kalmak istiyorum.",1
Yaz tatilinde arkadaşlarımla burada kalmayı planlıyoruz.,1
"Yeni yerler keşfetmek için geldim, konaklama istiyorum.",1
Bir hafta sonu kaçamağı yapmak istiyorum.,1
"Kardeşimle gezmeye geldim, konaklayacak bir yere ihtiyacım var.",1
"Kardeşimle gezmeye geldim, konaklayacak bir yere ihtiyacım var.",1
Bir hafta sonu kaçamağı yapmak istiyorum.,1
Bir hafta sonu kaçamağı yapmak istiyorum.,1
"Kardeşimle gezmeye geldim, konaklayacak bir yere ihtiyacım var.",1
Bir hafta sonu kaçamağı yapmak istiyorum.,1
"Şehirdeki müzeleri ziyaret etmek istiyorum, bir gece yurtta kalabilir miyim?",1
Bir hafta sonu kaçamağı yapmak istiyorum.,1
Tatil yapmak için yurtta kalmak istiyorum.,1
"Şehirdeki müzeleri ziyaret etmek istiyorum, bir gece yurtta kalabilir miyim?",1
Yaz tatilinde arkadaşlarımla burada kalmayı planlıyoruz.,1
"Yeni yerler keşfetmek için geldim, konaklama istiyorum.",1
Sadece dinlenmek için sessiz bir yer arıyorum.,1
Bir hafta sonu kaçamağı yapmak istiyorum.,1
"Şehirdeki müzeleri ziyaret etmek istiyorum, bir gece yurtta kalabilir miyim?",1
"Üniversiteyi gezmek için geldim, burada kalabilir miyim?",1
"Şehirdeki müzeleri ziyaret etmek istiyorum, bir gece yurtta kalabilir miyim?",1
Bir hafta sonu kaçamağı yapmak istiyorum.,1
"Kardeşimle gezmeye geldim, konaklayacak bir yere ihtiyacım var.",1
"Kardeşimle gezmeye geldim, konaklayacak bir yere ihtiyacım var.",1
"Yeni insanlarla tanışmak için buradayım, konaklama istiyorum.",1
Yaz tatilinde arkadaşlarımla burada kalmayı planlıyoruz.,1
"Üniversiteyi gezmek için geldim, burada kalabilir miyim?",1
Tatil yapmak için yurtta kalmak istiyorum.,1
Bir hafta sonu kaçamağı yapmak istiyorum.,1
"Şehirdeki müzeleri ziyaret etmek istiyorum, bir gece yurtta kalabilir miyim?",1
"Üniversiteyi gezmek için geldim, burada kalabilir miyim?",1
"Üniversiteyi gezmek için geldim, burada kalabilir miyim?",1
"Üniversiteyi gezmek için geldim, burada kalabilir miyim?",1
"Şehirdeki müzeleri ziyaret etmek istiyorum, bir gece yurtta kalabilir miyim?",1
"Şehirdeki restoranları keşfetmek için buradayım, konaklama ihtiyacım var.",1
"Şehirdeki müzeleri ziyaret etmek istiyorum, bir gece yurtta kalabilir miyim?",1
"Yeni insanlarla tanışmak için buradayım, konaklama istiyorum.",1
"Arkadaşlarımla şehir turu yapacağız, yurtta bir gece kalmak istiyorum.",1
"Yeni yerler keşfetmek için geldim, konaklama istiyorum.",1
"Üniversiteyi gezmek için geldim, burada kalabilir miyim?",1
Bir hafta sonu kaçamağı yapmak istiyorum.,1
Bir hafta sonu kaçamağı yapmak istiyorum.,1
"Şehirdeki müzeleri ziyaret etmek istiyorum, bir gece yurtta kalabilir miyim?",1
"Kültürel gezi için şehirdeyim, bir gece yurtta kalabilir miyim?",1
Bir hafta sonu kaçamağı yapmak istiyorum.,1
"Şehirdeki restoranları keşfetmek için buradayım, konaklama ihtiyacım var.",1
Tatil yapmak için yurtta kalmak istiyorum.,1
"Üniversiteyi gezmek için geldim, burada kalabilir miyim?",1
"Arkadaşlarımla şehir turu yapacağız, yurtta bir gece kalmak istiyorum.",1
"Üniversiteyi gezmek için geldim, burada kalabilir miyim?",1
"Üniversiteyi gezmek için geldim, burada kalabilir miyim?",1
"Şehirdeki müzeleri ziyaret etmek istiyorum, bir gece yurtta kalabilir miyim?",1
"Kardeşimle gezmeye geldim, konaklayacak bir yere ihtiyacım var.",1
"Arkadaşlarımla şehir turu yapacağız, yurtta bir gece kalmak istiyorum.",1
"Üniversiteyi gezmek için geldim, burada kalabilir miyim?",1
Bir hafta sonu kaçamağı yapmak istiyorum.,1
Yaz tatilinde arkadaşlarımla burada kalmayı planlıyoruz.,1
Bir hafta sonu kaçamağı yapmak istiyorum.,1
Tatil yapmak için yurtta kalmak istiyorum.,1
Bir hafta sonu kaçamağı yapmak istiyorum.,1
"Üniversiteyi gezmek için geldim, burada kalabilir miyim?",1
"Şehirdeki müzeleri ziyaret etmek istiyorum, bir gece yurtta kalabilir miyim?",1
"Şehirdeki restoranları keşfetmek için buradayım, konaklama ihtiyacım var.",1
"Kardeşimle gezmeye geldim, konaklayacak bir yere ihtiyacım var.",1
"Yeni insanlarla tanışmak için buradayım, konaklama istiyorum.",1
"Şehirdeki müzeleri ziyaret etmek istiyorum, bir gece yurtta kalabilir miyim?",1
"Yeni insanlarla tanışmak için buradayım, konaklama istiyorum.",1
"Üniversiteyi gezmek için geldim, burada kalabilir miyim?",1
Bir hafta sonu kaçamağı yapmak istiyorum.,1
"Yeni insanlarla tanışmak için buradayım, konaklama istiyorum.",1
"Arkadaşlarımla şehir turu yapacağız, yurtta bir gece kalmak istiyorum.",1
Bir hafta sonu kaçamağı yapmak istiyorum.,1
"Kardeşimle gezmeye geldim, konaklayacak bir yere ihtiyacım var.",1
Bir hafta sonu kaçamağı yapmak istiyorum.,1
"Arkadaşlarımla şehir turu yapacağız, yurtta bir gece kalmak istiyorum.",1
"Yeni yerler keşfetmek için geldim, konaklama istiyorum.",1
"Yeni yerler keşfetmek için geldim, konaklama istiyorum.",1
"Yeni yerler keşfetmek için geldim, konaklama istiyorum.",1
"Arkadaşlarımla şehir turu yapacağız, yurtta bir gece kalmak istiyorum.",1
"Şehirdeki müzeleri ziyaret etmek istiyorum, bir gece yurtta kalabilir miyim?",1
"Yeni insanlarla tanışmak için buradayım, konaklama istiyorum.",1
"Üniversiteyi gezmek için geldim, burada kalabilir miyim?",1
"Arkadaşlarımla şehir turu yapacağız, yurtta bir gece kalmak istiyorum.",1
Sadece dinlenmek için sessiz bir yer arıyorum.,1
"Arkadaşlarımla şehir turu yapacağız, yurtta bir gece kalmak istiyorum.",1
"Yeni yerler keşfetmek için geldim, konaklama istiyorum.",1
Bir hafta sonu kaçamağı yapmak istiyorum.,1
Bir hafta sonu kaçamağı yapmak istiyorum.,1
"Yeni yerler keşfetmek için geldim, konaklama istiyorum.",1
Bir hafta sonu kaçamağı yapmak istiyorum.,1
"Üniversiteyi gezmek için geldim, burada kalabilir miyim?",1
"Yeni yerler keşfetmek için geldim, konaklama istiyorum.",1
"Yeni insanlarla tanışmak için buradayım, konaklama istiyorum.",1
"Yeni yerler keşfetmek için geldim, konaklama istiyorum.",1
"Üniversiteyi gezmek için geldim, burada kalabilir miyim?",1
"Kardeşimle gezmeye geldim, konaklayacak bir yere ihtiyacım var.",1
"Yeni insanlarla tanışmak için buradayım, konaklama istiyorum.",1
"Arkadaşlarımla şehir turu yapacağız, yurtta bir gece kalmak istiyorum.",1
Tatil yapmak için yurtta kalmak istiyorum.,2
"Şehirdeki restoranları keşfetmek için buradayım, konaklama ihtiyacım var.",2
"Şehirdeki restoranları keşfetmek için buradayım, konaklama ihtiyacım var.",2
Yaz tatilinde arkadaşlarımla burada kalmayı planlıyoruz.,2
"Kültürel gezi için şehirdeyim, bir gece yurtta kalabilir miyim?",2
"Kardeşimle gezmeye geldim, konaklayacak bir yere ihtiyacım var.",2
"Yeni yerler keşfetmek için geldim, konaklama istiyorum.",2
"Yeni yerler keşfetmek için geldim, konaklama istiyorum.",2
"Kültürel gezi için şehirdeyim, bir gece yurtta kalabilir miyim?",2
"Kültürel gezi için şehirdeyim, bir gece yurtta kalabilir miyim?",2
"Şehirdeki müzeleri ziyaret etmek istiyorum, bir gece yurtta kalabilir miyim?",2
Yaz tatilinde arkadaşlarımla burada kalmayı planlıyoruz.,2
Sadece dinlenmek için sessiz bir yer arıyorum.,2
"Kültürel gezi için şehirdeyim, bir gece yurtta kalabilir miyim?",2
"Kış tatili için şehirdeyim, yurtta birkaç gece kalabilir miyim?",2
Sadece dinlenmek için sessiz bir yer arıyorum.,2
Yaz tatilinde arkadaşlarımla burada kalmayı planlıyoruz.,2
"Şehirdeki restoranları keşfetmek için buradayım, konaklama ihtiyacım var.",2
"Kış tatili için şehirdeyim, yurtta birkaç gece kalabilir miyim?",2
Yaz tatilinde arkadaşlarımla burada kalmayı planlıyoruz.,2
Yaz tatilinde arkadaşlarımla burada kalmayı planlıyoruz.,2
Bir hafta sonu kaçamağı yapmak istiyorum.,2
"Arkadaşlarımla şehir turu yapacağız, yurtta bir gece kalmak istiyorum.",2
"Yeni yerler keşfetmek için geldim, konaklama istiyorum.",2
"Şehirdeki restoranları keşfetmek için buradayım, konaklama ihtiyacım var.",2
"Şehirdeki müzeleri ziyaret etmek istiyorum, bir gece yurtta kalabilir miyim?",2
"Arkadaşlarımla şehir turu yapacağız, yurtta bir gece kalmak istiyorum.",2
Yaz tatilinde arkadaşlarımla burada kalmayı planlıyoruz.,2
"Şehirdeki müzeleri ziyaret etmek istiyorum, bir gece yurtta kalabilir miyim?",2
Sadece dinlenmek için sessiz bir yer arıyorum.,2
Tatil yapmak için yurtta kalmak istiyorum.,2
Yaz tatilinde arkadaşlarımla burada kalmayı planlıyoruz.,2
Tatil yapmak için yurtta kalmak istiyorum.,2
"Şehirdeki müzeleri ziyaret etmek istiyorum, bir gece yurtta kalabilir miyim?",2
"Şehirdeki restoranları keşfetmek için buradayım, konaklama ihtiyacım var.",2
Sadece dinlenmek için sessiz bir yer arıyorum.,2
Sadece dinlenmek için sessiz bir yer arıyorum.,2
"Arkadaşlarımla şehir turu yapacağız, yurtta bir gece kalmak istiyorum.",2
"Arkadaşlarımla şehir turu yapacağız, yurtta bir gece kalmak istiyorum.",2
"Şehirdeki restoranları keşfetmek için buradayım, konaklama ihtiyacım var.",2
Tatil yapmak için yurtta kalmak istiyorum.,2
Tatil yapmak için yurtta kalmak istiyorum.,2
"Şehirdeki restoranları keşfetmek için buradayım, konaklama ihtiyacım var.",2
Tatil yapmak için yurtta kalmak istiyorum.,2
Sadece dinlenmek için sessiz bir yer arıyorum.,2
"Arkadaşlarımla şehir turu yapacağız, yurtta bir gece kalmak istiyorum.",2
Tatil yapmak için yurtta kalmak istiyorum.,2
Tatil yapmak için yurtta kalmak istiyorum.,2
Sadece dinlenmek için sessiz bir yer arıyorum.,2
"Şehirdeki restoranları keşfetmek için buradayım, konaklama ihtiyacım var.",2
Tatil yapmak için yurtta kalmak istiyorum.,2
"Yeni yerler keşfetmek için geldim, konaklama istiyorum.",2
Tatil yapmak için yurtta kalmak istiyorum.,2
"Arkadaşlarımla şehir turu yapacağız, yurtta bir gece kalmak istiyorum.",2
"Şehirdeki restoranları keşfetmek için buradayım, konaklama ihtiyacım var.",2
"Şehirdeki restoranları keşfetmek için buradayım, konaklama ihtiyacım var.",2
Tatil yapmak için yurtta kalmak istiyorum.,2
"Kardeşimle gezmeye geldim, konaklayacak bir yere ihtiyacım var.",2
Yaz tatilinde arkadaşlarımla burada kalmayı planlıyoruz.,2
"Yeni yerler keşfetmek için geldim, konaklama istiyorum.",2
Sadece dinlenmek için sessiz bir yer arıyorum.,2
"Kültürel gezi için şehirdeyim, bir gece yurtta kalabilir miyim?",2
"Şehirdeki restoranları keşfetmek için buradayım, konaklama ihtiyacım var.",2
Yaz tatilinde arkadaşlarımla burada kalmayı planlıyoruz.,2
Tatil yapmak için yurtta kalmak istiyorum.,2
"Şehirdeki restoranları keşfetmek için buradayım, konaklama ihtiyacım var.",2
Tatil yapmak için yurtta kalmak istiyorum.,2
Yaz tatilinde arkadaşlarımla burada kalmayı planlıyoruz.,2
"Arkadaşlarımla şehir turu yapacağız, yurtta bir gece kalmak istiyorum.",2
"Şehirdeki müzeleri ziyaret etmek istiyorum, bir gece yurtta kalabilir miyim?",2
"Kültürel gezi için şehirdeyim, bir gece yurtta kalabilir miyim?",2
Tatil yapmak için yurtta kalmak istiyorum.,2
"Şehirdeki restoranları keşfetmek için buradayım, konaklama ihtiyacım var.",2
"Kültürel gezi için şehirdeyim, bir gece yurtta kalabilir miyim?",2
"Yeni yerler keşfetmek için geldim, konaklama istiyorum.",2
"Şehirdeki restoranları keşfetmek için buradayım, konaklama ihtiyacım var.",2
"Şehirdeki restoranları keşfetmek için buradayım, konaklama ihtiyacım var.",2
Tatil yapmak için yurtta kalmak istiyorum.,2
Tatil yapmak için yurtta kalmak istiyorum.,2
"Şehirdeki restoranları keşfetmek için buradayım, konaklama ihtiyacım var.",2
"Üniversiteyi gezmek için geldim, burada kalabilir miyim?",2
"Arkadaşlarımla şehir turu yapacağız, yurtta bir gece kalmak istiyorum.",2
"Arkadaşlarımla şehir turu yapacağız, yurtta bir gece kalmak istiyorum.",2
"Şehirdeki müzeleri ziyaret etmek istiyorum, bir gece yurtta kalabilir miyim?",2
"Şehirdeki restoranları keşfetmek için buradayım, konaklama ihtiyacım var.",2
"Kış tatili için şehirdeyim, yurtta birkaç gece kalabilir miyim?",2
Tatil yapmak için yurtta kalmak istiyorum.,2
"Şehirdeki restoranları keşfetmek için buradayım, konaklama ihtiyacım var.",2
"Kardeşimle gezmeye geldim, konaklayacak bir yere ihtiyacım var.",2
"Kültürel gezi için şehirdeyim, bir gece yurtta kalabilir miyim?",2
Tatil yapmak için yurtta kalmak istiyorum.,2
Yaz tatilinde arkadaşlarımla burada kalmayı planlıyoruz.,2
Bir hafta sonu kaçamağı yapmak istiyorum.,2
Tatil yapmak için yurtta kalmak istiyorum.,2
Tatil yapmak için yurtta kalmak istiyorum.,2
Tatil yapmak için yurtta kalmak istiyorum.,2
Tatil yapmak için yurtta kalmak istiyorum.,2
"Şehirdeki müzeleri ziyaret etmek istiyorum, bir gece yurtta kalabilir miyim?",2
Tatil yapmak için yurtta kalmak istiyorum.,2
"Üniversiteyi gezmek için geldim, burada kalabilir miyim?",2
"Yeni yerler keşfetmek için geldim, konaklama istiyorum.",3
"Kültürel gezi için şehirdeyim, bir gece yurtta kalabilir miyim?",3
"Yeni yerler keşfetmek için geldim, konaklama istiyorum.",3
Yaz tatilinde arkadaşlarımla burada kalmayı planlıyoruz.,3
"Kış tatili için şehirdeyim, yurtta birkaç gece kalabilir miyim?",3
"Yeni yerler keşfetmek için geldim, konaklama istiyorum.",3
"Şehirdeki restoranları keşfetmek için buradayım, konaklama ihtiyacım var.",3
"Şehirdeki tarihi yerleri görmek istiyorum, yurtta bir gece kalabilir miyim?",3
"Şehirdeki restoranları keşfetmek için buradayım, konaklama ihtiyacım var.",3
"Şehirdeki restoranları keşfetmek için buradayım, konaklama ihtiyacım var.",3
Bir hafta sonu kaçamağı yapmak istiyorum.,3
Yaz tatilinde arkadaşlarımla burada kalmayı planlıyoruz.,3
"Kardeşimle gezmeye geldim, konaklayacak bir yere ihtiyacım var.",3
Bir hafta sonu kaçamağı yapmak istiyorum.,3
"Arkadaşlarımla şehir turu yapacağız, yurtta bir gece kalmak istiyorum.",3
"Kardeşimle gezmeye geldim, konaklayacak bir yere ihtiyacım var.",3
"Kültürel gezi için şehirdeyim, bir gece yurtta kalabilir miyim?",3
Bir hafta sonu kaçamağı yapmak istiyorum.,3
"Kültürel gezi için şehirdeyim, bir gece yurtta kalabilir miyim?",3
"Üniversiteyi gezmek için geldim, burada kalabilir miyim?",3
"Kültürel gezi için şehirdeyim, bir gece yurtta kalabilir miyim?",3
"Kış tatili için şehirdeyim, yurtta birkaç gece kalabilir miyim?",3
"Arkadaşlarımla şehir turu yapacağız, yurtta bir gece kalmak istiyorum.",3
"Üniversiteyi gezmek için geldim, burada kalabilir miyim?",3
"Kardeşimle gezmeye geldim, konaklayacak bir yere ihtiyacım var.",3
"Kış tatili için şehirdeyim, yurtta birkaç gece kalabilir miyim?",3
"Şehirdeki müzeleri ziyaret etmek istiyorum, bir gece yurtta kalabilir miyim?",3
"Şehirdeki müzeleri ziyaret etmek istiyorum, bir gece yurtta kalabilir miyim?",3
"Yeni yerler keşfetmek için geldim, konaklama istiyorum.",3
"Şehirdeki müzeleri ziyaret etmek istiyorum, bir gece yurtta kalabilir miyim?",3
"Yeni yerler keşfetmek için geldim, konaklama istiyorum.",3
"Arkadaşlarımla şehir turu yapacağız, yurtta bir gece kalmak istiyorum.",3
"Kültürel gezi için şehirdeyim, bir gece yurtta kalabilir miyim?",3
"Üniversiteyi gezmek için geldim, burada kalabilir miyim?",3
"Kış tatili için şehirdeyim, yurtta birkaç gece kalabilir miyim?",3
"Şehirdeki müzeleri ziyaret etmek istiyorum, bir gece yurtta kalabilir miyim?",3
"Yeni yerler keşfetmek için geldim, konaklama istiyorum.",3
"Kış tatili için şehirdeyim, yurtta birkaç gece kalabilir miyim?",3
Sadece dinlenmek için sessiz bir yer arıyorum.,3
"Kış tatili için şehirdeyim, yurtta birkaç gece kalabilir miyim?",3
"Üniversiteyi gezmek için geldim, burada kalabilir miyim?",3
"Şehirdeki müzeleri ziyaret etmek istiyorum, bir gece yurtta kalabilir miyim?",3
"Kış tatili için şehirdeyim, yurtta birkaç gece kalabilir miyim?",3
"Kültürel gezi için şehirdeyim, bir gece yurtta kalabilir miyim?",3
"Kültürel gezi için şehirdeyim, bir gece yurtta kalabilir miyim?",3
"Yeni yerler keşfetmek için geldim, konaklama istiyorum.",3
"Üniversiteyi gezmek için geldim, burada kalabilir miyim?",3
Yaz tatilinde arkadaşlarımla burada kalmayı planlıyoruz.,3
"Arkadaşlarımla şehir turu yapacağız, yurtta bir gece kalmak istiyorum.",3
"Üniversiteyi gezmek için geldim, burada kalabilir miyim?",3
"Üniversiteyi gezmek için geldim, burada kalabilir miyim?",3
Yaz tatilinde arkadaşlarımla burada kalmayı planlıyoruz.,3
"Kardeşimle gezmeye geldim, konaklayacak bir yere ihtiyacım var.",3
Sadece dinlenmek için sessiz bir yer arıyorum.,3
"Kültürel gezi için şehirdeyim, bir gece yurtta kalabilir miyim?",3
Sadece dinlenmek için sessiz bir yer arıyorum.,3
"Şehirdeki müzeleri ziyaret etmek istiyorum, bir gece yurtta kalabilir miyim?",3
Sadece dinlenmek için sessiz bir yer arıyorum.,3
"Kültürel gezi için şehirdeyim, bir gece yurtta kalabilir miyim?",3
"Kış tatili için şehirdeyim, yurtta birkaç gece kalabilir miyim?",3
"Kış tatili için şehirdeyim, yurtta birkaç gece kalabilir miyim?",3
"Şehirdeki tarihi yerleri görmek istiyorum, yurtta bir gece kalabilir miyim?",3
Bir hafta sonu kaçamağı yapmak istiyorum.,3
Yaz tatilinde arkadaşlarımla burada kalmayı planlıyoruz.,3
"Üniversiteyi gezmek için geldim, burada kalabilir miyim?",3
"Şehirdeki restoranları keşfetmek için buradayım, konaklama ihtiyacım var.",3
"Yeni yerler keşfetmek için geldim, konaklama istiyorum.",3
Yaz tatilinde arkadaşlarımla burada kalmayı planlıyoruz.,3
"Üniversiteyi gezmek için geldim, burada kalabilir miyim?",3
"Şehirdeki tarihi yerleri görmek istiyorum, yurtta bir gece kalabilir miyim?",3
"Kardeşimle gezmeye geldim, konaklayacak bir yere ihtiyacım var.",3
"Kış tatili için şehirdeyim, yurtta birkaç gece kalabilir miyim?",3
"Şehirdeki müzeleri ziyaret etmek istiyorum, bir gece yurtta kalabilir miyim?",3
"Kış tatili için şehirdeyim, yurtta birkaç gece kalabilir miyim?",3
Bir hafta sonu kaçamağı yapmak istiyorum.,3
"Kış tatili için şehirdeyim, yurtta birkaç gece kalabilir miyim?",3
"Kış tatili için şehirdeyim, yurtta birkaç gece kalabilir miyim?",3
Tatil yapmak için yurtta kalmak istiyorum.,3
"Kültürel gezi için şehirdeyim, bir gece yurtta kalabilir miyim?",3
"Yeni yerler keşfetmek için geldim, konaklama istiyorum.",3
"Kültürel gezi için şehirdeyim, bir gece yurtta kalabilir miyim?",3
"Kış tatili için şehirdeyim, yurtta birkaç gece kalabilir miyim?",3
"Üniversiteyi gezmek için geldim, burada kalabilir miyim?",3
"Şehirdeki müzeleri ziyaret etmek istiyorum, bir gece yurtta kalabilir miyim?",3
Bir hafta sonu kaçamağı yapmak istiyorum.,3
"Kültürel gezi için şehirdeyim, bir gece yurtta kalabilir miyim?",3
Yaz tatilinde arkadaşlarımla burada kalmayı planlıyoruz.,3
Bir hafta sonu kaçamağı yapmak istiyorum.,3
"Şehirdeki restoranları keşfetmek için buradayım, konaklama ihtiyacım var.",3
"Üniversiteyi gezmek için geldim, burada kalabilir miyim?",3
Yaz tatilinde arkadaşlarımla burada kalmayı planlıyoruz.,3
"Arkadaşlarımla şehir turu yapacağız, yurtta bir gece kalmak istiyorum.",3
"Arkadaşlarımla şehir turu yapacağız, yurtta bir gece kalmak istiyorum.",3
"Arkadaşlarımla şehir turu yapacağız, yurtta bir gece kalmak istiyorum.",3
"Kardeşimle gezmeye geldim, konaklayacak bir yere ihtiyacım var.",3
"Şehirdeki müzeleri ziyaret etmek istiyorum, bir gece yurtta kalabilir miyim?",3
"Yeni yerler keşfetmek için geldim, konaklama istiyorum.",3
Tatil yapmak için yurtta kalmak istiyorum.,3
"Yeni yerler keşfetmek için geldim, konaklama istiyorum.",3
"Üniversiteyi gezmek için geldim, burada kalabilir miyim?",3
"Yeni insanlarla tanışmak için buradayım, konaklama istiyorum.",4
Tatil yapmak için yurtta kalmak istiyorum.,4
"Arkadaşlarımla şehir turu yapacağız, yurtta bir gece kalmak istiyorum.",4
"Kış tatili için şehirdeyim, yurtta birkaç gece kalabilir miyim?",4
Yaz tatilinde arkadaşlarımla burada kalmayı planlıyoruz.,4
"Kültürel gezi için şehirdeyim, bir gece yurtta kalabilir miyim?",4
"Şehirdeki restoranları keşfetmek için buradayım, konaklama ihtiyacım var.",4
"Yeni insanlarla tanışmak için buradayım, konaklama istiyorum.",4
"Arkadaşlarımla şehir turu yapacağız, yurtta bir gece kalmak istiyorum.",4
Tatil yapmak için yurtta kalmak istiyorum.,4
"Şehirdeki tarihi yerleri görmek istiyorum, yurtta bir gece kalabilir miyim?",4
"Şehirdeki restoranları keşfetmek için buradayım, konaklama ihtiyacım var.",4
"Şehirdeki restoranları keşfetmek için buradayım, konaklama ihtiyacım var.",4
"Yeni insanlarla tanışmak için buradayım, konaklama istiyorum.",4
"Şehirdeki tarihi yerleri görmek istiyorum, yurtta bir gece kalabilir miyim?",4
"Şehirdeki müzeleri ziyaret etmek istiyorum, bir gece yurtta kalabilir miyim?",4
"Şehirdeki müzeleri ziyaret etmek istiyorum, bir gece yurtta kalabilir miyim?",4
"Yeni insanlarla tanışmak için buradayım, konaklama istiyorum.",4
"Üniversiteyi gezmek için geldim, burada kalabilir miyim?",4
"Yeni yerler keşfetmek için geldim, konaklama istiyorum.",4
"Şehirdeki tarihi yerleri görmek istiyorum, yurtta bir gece kalabilir miyim?",4
"Şehirdeki tarihi yerleri görmek istiyorum, yurtta bir gece kalabilir miyim?",4
"Yeni insanlarla tanışmak için buradayım, konaklama istiyorum.",4
"Kültürel gezi için şehirdeyim, bir gece yurtta kalabilir miyim?",4
Yaz tatilinde arkadaşlarımla burada kalmayı planlıyoruz.,4
Sadece dinlenmek için sessiz bir yer arıyorum.,4
"Şehirdeki tarihi yerleri görmek istiyorum, yurtta bir gece kalabilir miyim?",4
"Şehirdeki restoranları keşfetmek için buradayım, konaklama ihtiyacım var.",4
"Kardeşimle gezmeye geldim, konaklayacak bir yere ihtiyacım var.",4
Tatil yapmak için yurtta kalmak istiyorum.,4
"Arkadaşlarımla şehir turu yapacağız, yurtta bir gece kalmak istiyorum.",4
"Yeni yerler keşfetmek için geldim, konaklama istiyorum.",4
"Kültürel gezi için şehirdeyim, bir gece yurtta kalabilir miyim?",4
Yaz tatilinde arkadaşlarımla burada kalmayı planlıyoruz.,4
Sadece dinlenmek için sessiz bir yer arıyorum.,4
"Kültürel gezi için şehirdeyim, bir gece yurtta kalabilir miyim?",4
"Kültürel gezi için şehirdeyim, bir gece yurtta kalabilir miyim?",4
"Yeni yerler keşfetmek için geldim, konaklama istiyorum.",4
Bir hafta sonu kaçamağı yapmak istiyorum.,4
"Kış tatili için şehirdeyim, yurtta birkaç gece kalabilir miyim?",4
"Kış tatili için şehirdeyim, yurtta birkaç gece kalabilir miyim?",4
"Kültürel gezi için şehirdeyim, bir gece yurtta kalabilir miyim?",4
"Kültürel gezi için şehirdeyim, bir gece yurtta kalabilir miyim?",4
"Arkadaşlarımla şehir turu yapacağız, yurtta bir gece kalmak istiyorum.",4
Tatil yapmak için yurtta kalmak istiyorum.,4
"Kardeşimle gezmeye geldim, konaklayacak bir yere ihtiyacım var.",4
"Üniversiteyi gezmek için geldim, burada kalabilir miyim?",4
"Kış tatili için şehirdeyim, yurtta birkaç gece kalabilir miyim?",4
"Kültürel gezi için şehirdeyim, bir gece yurtta kalabilir miyim?",4
"Şehirdeki tarihi yerleri görmek istiyorum, yurtta bir gece kalabilir miyim?",4
"Şehirdeki restoranları keşfetmek için buradayım, konaklama ihtiyacım var.",4
"Yeni yerler keşfetmek için geldim, konaklama istiyorum.",4
"Yeni insanlarla tanışmak için buradayım, konaklama istiyorum.",4
Yaz tatilinde arkadaşlarımla burada kalmayı planlıyoruz.,4
Sadece dinlenmek için sessiz bir yer arıyorum.,4
Yaz tatilinde arkadaşlarımla burada kalmayı planlıyoruz.,4
"Şehirdeki restoranları keşfetmek için buradayım, konaklama ihtiyacım var.",4
"Şehirdeki müzeleri ziyaret etmek istiyorum, bir gece yurtta kalabilir miyim?",4
"Arkadaşlarımla şehir turu yapacağız, yurtta bir gece kalmak istiyorum.",4
"Yeni yerler keşfetmek için geldim, konaklama istiyorum.",4
"Şehirdeki tarihi yerleri görmek istiyorum, yurtta bir gece kalabilir miyim?",4
"Şehirdeki tarihi yerleri görmek istiyorum, yurtta bir gece kalabilir miyim?",4
"Şehirdeki tarihi yerleri görmek istiyorum, yurtta bir gece kalabilir miyim?",4
Yaz tatilinde arkadaşlarımla burada kalmayı planlıyoruz.,4
"Yeni yerler keşfetmek için geldim, konaklama istiyorum.",4
"Kış tatili için şehirdeyim, yurtta birkaç gece kalabilir miyim?",4
"Şehirdeki tarihi yerleri görmek istiyorum, yurtta bir gece kalabilir miyim?",4
"Kültürel gezi için şehirdeyim, bir gece yurtta kalabilir miyim?",4
"Kültürel gezi için şehirdeyim, bir gece yurtta kalabilir miyim?",4
"Kış tatili için şehirdeyim, yurtta birkaç gece kalabilir miyim?",4
"Şehirdeki tarihi yerleri görmek istiyorum, yurtta bir gece kalabilir miyim?",4
"Şehirdeki restoranları keşfetmek için buradayım, konaklama ihtiyacım var.",4
"Arkadaşlarımla şehir turu yapacağız, yurtta bir gece kalmak istiyorum.",4
"Şehirdeki müzeleri ziyaret etmek istiyorum, bir gece yurtta kalabilir miyim?",4
"Şehirdeki müzeleri ziyaret etmek istiyorum, bir gece yurtta kalabilir miyim?",4
"Şehirdeki müzeleri ziyaret etmek istiyorum, bir gece yurtta kalabilir miyim?",4
Sadece dinlenmek için sessiz bir yer arıyorum.,4
"Şehirdeki tarihi yerleri görmek istiyorum, yurtta bir gece kalabilir miyim?",4
Sadece dinlenmek için sessiz bir yer arıyorum.,4
Yaz tatilinde arkadaşlarımla burada kalmayı planlıyoruz.,4
"Kültürel gezi için şehirdeyim, bir gece yurtta kalabilir miyim?",4
Sadece dinlenmek için sessiz bir yer arıyorum.,4
Yaz tatilinde arkadaşlarımla burada kalmayı planlıyoruz.,4
"Arkadaşlarımla şehir turu yapacağız, yurtta bir gece kalmak istiyorum.",4
Yaz tatilinde arkadaşlarımla burada kalmayı planlıyoruz.,4
"Şehirdeki tarihi yerleri görmek istiyorum, yurtta bir gece kalabilir miyim?",4
"Kültürel gezi için şehirdeyim, bir gece yurtta kalabilir miyim?",4
"Arkadaşlarımla şehir turu yapacağız, yurtta bir gece kalmak istiyorum.",4
Yaz tatilinde arkadaşlarımla burada kalmayı planlıyoruz.,4
"Şehirdeki müzeleri ziyaret etmek istiyorum, bir gece yurtta kalabilir miyim?",4
"Şehirdeki restoranları keşfetmek için buradayım, konaklama ihtiyacım var.",4
"Kültürel gezi için şehirdeyim, bir gece yurtta kalabilir miyim?",4
Bir hafta sonu kaçamağı yapmak istiyorum.,4
"Kış tatili için şehirdeyim, yurtta birkaç gece kalabilir miyim?",4
"Kültürel gezi için şehirdeyim, bir gece yurtta kalabilir miyim?",4
"Şehirdeki restoranları keşfetmek için buradayım, konaklama ihtiyacım var.",4
"Şehirdeki tarihi yerleri görmek istiyorum, yurtta bir gece kalabilir miyim?",4
"Kardeşimle gezmeye geldim, konaklayacak bir yere ihtiyacım var.",4
"Şehirdeki müzeleri ziyaret etmek istiyorum, bir gece yurtta kalabilir miyim?",4
"Şehirdeki restoranları keşfetmek için buradayım, konaklama ihtiyacım var.",4
Akademik makale yazma atölyesine katılacağım.,5
Mühendislik yarışması için takım arkadaşlarımla konaklayacağız.,5
Birkaç gün ders çalışmak için sessiz bir ortam istiyorum.,5
"Okul bitirme projemi sunacağım, konaklama ihtiyacım var.",5
Üniversite arkadaşlarımla mezuniyet toplantımız var.,5
Girişimcilik seminerine katılmak için şehirdeyim.,5
Kampüsümde düzenlenen bir atölyeye katılacağım.,5
Akademik makale yazma atölyesine katılacağım.,5
Gönüllü projeye katılmak için şehirdeyim.,5
Kampüs içi etkinlikte görev alacağım.,5
Kampüs içi etkinlikte görev alacağım.,5
Kampüs içi etkinlikte görev alacağım.,5
Kampüs içi etkinlikte görev alacağım.,5
Birkaç gün ders çalışmak için sessiz bir ortam istiyorum.,5
"Staj için şehre geldim, konaklayacak yerim yok.",5
Mezuniyet belgemi almak için geldim.,5
Birkaç gün ders çalışmak için sessiz bir ortam istiyorum.,5
Birkaç gün ders çalışmak için sessiz bir ortam istiyorum.,5
Öğretmenlik mülakatı için şehirde bulunuyorum.,5
"Staj için şehre geldim, konaklayacak yerim yok.",5
"Staj için şehre geldim, konaklayacak yerim yok.",5
Gönüllü projeye katılmak için şehirdeyim.,5
Birkaç gün ders çalışmak için sessiz bir ortam istiyorum.,5
Girişimcilik seminerine katılmak için şehirdeyim.,5
Kampüs içi etkinlikte görev alacağım.,5
Kampüs içi etkinlikte görev alacağım.,5
Gönüllü projeye katılmak için şehirdeyim.,5
Mezuniyet belgemi almak için geldim.,5
Kampüsümde düzenlenen bir atölyeye katılacağım.,5
Mühendislik yarışması için takım arkadaşlarımla konaklayacağız.,5
Kampüs içi etkinlikte görev alacağım.,5
Gönüllü projeye katılmak için şehirdeyim.,5
"Staj için şehre geldim, konaklayacak yerim yok.",5
Girişimcilik seminerine katılmak için şehirdeyim.,5
Üniversitemin kariyer günlerine katılmak için geldim.,5
Birkaç gün ders çalışmak için sessiz bir ortam istiyorum.,5
Birkaç gün ders çalışmak için sessiz bir ortam istiyorum.,5
Üniversite kulüp etkinliğine katılıyorum.,5
Akademik makale yazma atölyesine katılacağım.,5
İngilizce yeterlilik sınavı için üniversitemde bulunuyorum.,5
Mezuniyet belgemi almak için geldim.,5
Kampüs içi etkinlikte görev alacağım.,5
"Okul bitirme projemi sunacağım, konaklama ihtiyacım var.",5
İngilizce yeterlilik sınavı için üniversitemde bulunuyorum.,5
Mühendislik yarışması için takım arkadaşlarımla konaklayacağız.,5
Girişimcilik seminerine katılmak için şehirdeyim.,5
Girişimcilik seminerine katılmak için şehirdeyim.,5
Mühendislik yarışması için takım arkadaşlarımla konaklayacağız.,5
Mezuniyet belgemi almak için geldim.,5
Öğretmenlik mülakatı için şehirde bulunuyorum.,5
Akademik makale yazma atölyesine katılacağım.,5
Mühendislik yarışması için takım arkadaşlarımla konaklayacağız.,5
Öğretmenlik mülakatı için şehirde bulunuyorum.,5
Kampüsümde düzenlenen bir atölyeye katılacağım.,5
Mühendislik yarışması için takım arkadaşlarımla konaklayacağız.,5
Akademik makale yazma atölyesine katılacağım.,5
Üniversitemin kariyer günlerine katılmak için geldim.,5
Öğretmenlik mülakatı için şehirde bulunuyorum.,5
Üniversitemin kariyer günlerine katılmak için geldim.,5
Mezuniyet belgemi almak için geldim.,5
Üniversite kulüp etkinliğine katılıyorum.,5
Mühendislik yarışması için takım arkadaşlarımla konaklayacağız.,5
Gönüllü projeye katılmak için şehirdeyim.,5
Mühendislik yarışması için takım arkadaşlarımla konaklayacağız.,5
Üniversite kulüp etkinliğine katılıyorum.,5
"Staj için şehre geldim, konaklayacak yerim yok.",5
Gönüllü projeye katılmak için şehirdeyim.,5
İngilizce yeterlilik sınavı için üniversitemde bulunuyorum.,5
İngilizce yeterlilik sınavı için üniversitemde bulunuyorum.,5
İngilizce yeterlilik sınavı için üniversitemde bulunuyorum.,5
Mezuniyet belgemi almak için geldim.,5
Öğretmenlik mülakatı için şehirde bulunuyorum.,5
Girişimcilik seminerine katılmak için şehirdeyim.,5
Girişimcilik seminerine katılmak için şehirdeyim.,5
İngilizce yeterlilik sınavı için üniversitemde bulunuyorum.,5
"Staj için şehre geldim, konaklayacak yerim yok.",5
Üniversite kulüp etkinliğine katılıyorum.,5
İngilizce yeterlilik sınavı için üniversitemde bulunuyorum.,5
Mezuniyet belgemi almak için geldim.,5
Mühendislik yarışması için takım arkadaşlarımla konaklayacağız.,5
Birkaç gün ders çalışmak için sessiz bir ortam istiyorum.,5
Öğretmenlik mülakatı için şehirde bulunuyorum.,5
Gönüllü projeye katılmak için şehirdeyim.,5
"Staj için şehre geldim, konaklayacak yerim yok.",5
Mezuniyet belgemi almak için geldim.,5
Akademik makale yazma atölyesine katılacağım.,5
Öğretmenlik mülakatı için şehirde bulunuyorum.,5
Mezuniyet belgemi almak için geldim.,5
Birkaç gün ders çalışmak için sessiz bir ortam istiyorum.,5
Üniversitemin kariyer günlerine katılmak için geldim.,5
Üniversite kulüp etkinliğine katılıyorum.,5
Girişimcilik seminerine katılmak için şehirdeyim.,5
"Okul bitirme projemi sunacağım, konaklama ihtiyacım var.",5
Mezuniyet belgemi almak için geldim.,5
Mezuniyet belgemi almak için geldim.,5
Üniversite kulüp etkinliğine katılıyorum.,5
Birkaç gün ders çalışmak için sessiz bir ortam istiyorum.,5
Kampüsümde düzenlenen bir atölyeye katılacağım.,5
"Okul bitirme projemi sunacağım, konaklama ihtiyacım var.",5
Girişimcilik seminerine katılmak için şehirdeyim.,5
İngilizce yeterlilik sınavı için üniversitemde bulunuyorum.,6
Öğretmenlik mülakatı için şehirde bulunuyorum.,6
Kampüsümde düzenlenen bir atölyeye katılacağım.,6
Kampüs içi etkinlikte görev alacağım.,6
Mühendislik yarışması için takım arkadaşlarımla konaklayacağız.,6
Mezuniyet belgemi almak için geldim.,6
Üniversite kulüp etkinliğine katılıyorum.,6
İngilizce yeterlilik sınavı için üniversitemde bulunuyorum.,6
Gönüllü projeye katılmak için şehirdeyim.,6
Üniversite kulüp etkinliğine katılıyorum.,6
Gönüllü projeye katılmak için şehirdeyim.,6
Gönüllü projeye katılmak için şehirdeyim.,6
Üniversitemin kariyer günlerine katılmak için geldim.,6
Mühendislik yarışması için takım arkadaşlarımla konaklayacağız.,6
Birkaç gün ders çalışmak için sessiz bir ortam istiyorum.,6
Üniversitemin kariyer günlerine katılmak için geldim.,6
Kampüs içi etkinlikte görev alacağım.,6
Kampüs içi etkinlikte görev alacağım.,6
Üniversitemin kariyer günlerine katılmak için geldim.,6
Üniversitemin kariyer günlerine katılmak için geldim.,6
Üniversite kulüp etkinliğine katılıyorum.,6
Mezuniyet belgemi almak için geldim.,6
Öğretmenlik mülakatı için şehirde bulunuyorum.,6
Üniversitemin kariyer günlerine katılmak için geldim.,6
Üniversite kulüp etkinliğine katılıyorum.,6
İngilizce yeterlilik sınavı için üniversitemde bulunuyorum.,6
Öğretmenlik mülakatı için şehirde bulunuyorum.,6
Kampüs içi etkinlikte görev alacağım.,6
Üniversite kulüp etkinliğine katılıyorum.,6
Üniversite kulüp etkinliğine katılıyorum.,6
Mühendislik yarışması için takım arkadaşlarımla konaklayacağız.,6
Girişimcilik seminerine katılmak için şehirdeyim.,6
Gönüllü projeye katılmak için şehirdeyim.,6
Mühendislik yarışması için takım arkadaşlarımla konaklayacağız.,6
"Staj için şehre geldim, konaklayacak yerim yok.",6
Kampüs içi etkinlikte görev alacağım.,6
Akademik makale yazma atölyesine katılacağım.,6
Mühendislik yarışması için takım arkadaşlarımla konaklayacağız.,6
Üniversite kulüp etkinliğine katılıyorum.,6
Öğretmenlik mülakatı için şehirde bulunuyorum.,6
Kampüs içi etkinlikte görev alacağım.,6
Kampüsümde düzenlenen bir atölyeye katılacağım.,6
Mühendislik yarışması için takım arkadaşlarımla konaklayacağız.,6
Öğretmenlik mülakatı için şehirde bulunuyorum.,6
Üniversite kulüp etkinliğine katılıyorum.,6
"Staj için şehre geldim, konaklayacak yerim yok.",6
İngilizce yeterlilik sınavı için üniversitemde bulunuyorum.,6
İngilizce yeterlilik sınavı için üniversitemde bulunuyorum.,6
Üniversite kulüp etkinliğine katılıyorum.,6
Üniversite kulüp etkinliğine katılıyorum.,6
Kampüs içi etkinlikte görev alacağım.,6
Gönüllü projeye katılmak için şehirdeyim.,6
"Staj için şehre geldim, konaklayacak yerim yok.",6
Üniversitemin kariyer günlerine katılmak için geldim.,6
Üniversitemin kariyer günlerine katılmak için geldim.,6
İngilizce yeterlilik sınavı için üniversitemde bulunuyorum.,6
Mühendislik yarışması için takım arkadaşlarımla konaklayacağız.,6
Akademik makale yazma atölyesine katılacağım.,6
Öğretmenlik mülakatı için şehirde bulunuyorum.,6
Üniversite kulüp etkinliğine katılıyorum.,6
Mezuniyet belgemi almak için geldim.,6
Akademik makale yazma atölyesine katılacağım.,6
Üniversite kulüp etkinliğine katılıyorum.,6
Kampüs içi etkinlikte görev alacağım.,6
Girişimcilik seminerine katılmak için şehirdeyim.,6
Mühendislik yarışması için takım arkadaşlarımla konaklayacağız.,6
Gönüllü projeye katılmak için şehirdeyim.,6
Birkaç gün ders çalışmak için sessiz bir ortam istiyorum.,6
Üniversite kulüp etkinliğine katılıyorum.,6
Üniversitemin kariyer günlerine katılmak için geldim.,6
Üniversite kulüp etkinliğine katılıyorum.,6
Gönüllü projeye katılmak için şehirdeyim.,6
Üniversite kulüp etkinliğine katılıyorum.,6
Kampüsümde düzenlenen bir atölyeye katılacağım.,6
İngilizce yeterlilik sınavı için üniversitemde bulunuyorum.,6
Üniversitemin kariyer günlerine katılmak için geldim.,6
Üniversite kulüp etkinliğine katılıyorum.,6
Akademik makale yazma atölyesine katılacağım.,6
Kampüsümde düzenlenen bir atölyeye katılacağım.,6
Mühendislik yarışması için takım arkadaşlarımla konaklayacağız.,6
Kampüs içi etkinlikte görev alacağım.,6
Kampüs içi etkinlikte görev alacağım.,6
Kampüs içi etkinlikte görev alacağım.,6
Kampüs içi etkinlikte görev alacağım.,6
Mezuniyet belgemi almak için geldim.,6
Kampüs içi etkinlikte görev alacağım.,6
Üniversite kulüp etkinliğine katılıyorum.,6
Birkaç gün ders çalışmak için sessiz bir ortam istiyorum.,6
Üniversite kulüp etkinliğine katılıyorum.,6
"Staj için şehre geldim, konaklayacak yerim yok.",6
Birkaç gün ders çalışmak için sessiz bir ortam istiyorum.,6
İngilizce yeterlilik sınavı için üniversitemde bulunuyorum.,6
Akademik makale yazma atölyesine katılacağım.,6
Üniversitemin kariyer günlerine katılmak için geldim.,6
Üniversitemin kariyer günlerine katılmak için geldim.,6
Üniversite kulüp etkinliğine katılıyorum.,6
Birkaç gün ders çalışmak için sessiz bir ortam istiyorum.,6
Girişimcilik seminerine katılmak için şehirdeyim.,6
Kampüsümde düzenlenen bir atölyeye katılacağım.,6
Kampüs içi etkinlikte görev alacağım.,6
Birkaç gün ders çalışmak için sessiz bir ortam istiyorum.,7
Kampüsümde düzenlenen bir atölyeye katılacağım.,7
Kampüs içi etkinlikte görev alacağım.,7
Üniversite kulüp etkinliğine katılıyorum.,7
Mezuniyet belgemi almak için geldim.,7
"Okul bitirme projemi sunacağım, konaklama ihtiyacım var.",7
İngilizce yeterlilik sınavı için üniversitemde bulunuyorum.,7
Birkaç gün ders çalışmak için sessiz bir ortam istiyorum.,7
Girişimcilik seminerine katılmak için şehirdeyim.,7
"Staj için şehre geldim, konaklayacak yerim yok.",7
Öğretmenlik mülakatı için şehirde bulunuyorum.,7
Kampüsümde düzenlenen bir atölyeye katılacağım.,7
Kampüsümde düzenlenen bir atölyeye katılacağım.,7
Üniversite arkadaşlarımla mezuniyet toplantımız var.,7
Mezuniyet belgemi almak için geldim.,7
Üniversitemin kariyer günlerine katılmak için geldim.,7
Öğretmenlik mülakatı için şehirde bulunuyorum.,7
Üniversite arkadaşlarımla mezuniyet toplantımız var.,7
"Staj için şehre geldim, konaklayacak yerim yok.",7
Akademik makale yazma atölyesine katılacağım.,7
Mezuniyet belgemi almak için geldim.,7
Mezuniyet belgemi almak için geldim.,7
Üniversite arkadaşlarımla mezuniyet toplantımız var.,7
İngilizce yeterlilik sınavı için üniversitemde bulunuyorum.,7
Üniversite kulüp etkinliğine katılıyorum.,7
Mezuniyet belgemi almak için geldim.,7
Mezuniyet belgemi almak için geldim.,7
İngilizce yeterlilik sınavı için üniversitemde bulunuyorum.,7
Girişimcilik seminerine katılmak için şehirdeyim.,7
Mezuniyet belgemi almak için geldim.,7
Girişimcilik seminerine katılmak için şehirdeyim.,7
Akademik makale yazma atölyesine katılacağım.,7
İngilizce yeterlilik sınavı için üniversitemde bulunuyorum.,7
"Okul bitirme projemi sunacağım, konaklama ihtiyacım var.",7
Mühendislik yarışması için takım arkadaşlarımla konaklayacağız.,7
Gönüllü projeye katılmak için şehirdeyim.,7
Gönüllü projeye katılmak için şehirdeyim.,7
Öğretmenlik mülakatı için şehirde bulunuyorum.,7
İngilizce yeterlilik sınavı için üniversitemde bulunuyorum.,7
Üniversite kulüp etkinliğine katılıyorum.,7
Üniversite kulüp etkinliğine katılıyorum.,7
Mezuniyet belgemi almak için geldim.,7
İngilizce yeterlilik sınavı için üniversitemde bulunuyorum.,7
Girişimcilik seminerine katılmak için şehirdeyim.,7
Kampüsümde düzenlenen bir atölyeye katılacağım.,7
Mezuniyet belgemi almak için geldim.,7
"Staj için şehre geldim, konaklayacak yerim yok.",7
Üniversite kulüp etkinliğine katılıyorum.,7
Mezuniyet belgemi almak için geldim.,7
Öğretmenlik mülakatı için şehirde bulunuyorum.,7
İngilizce yeterlilik sınavı için üniversitemde bulunuyorum.,7
Mezuniyet belgemi almak için geldim.,7
Birkaç gün ders çalışmak için sessiz bir ortam istiyorum.,7
Mezuniyet belgemi almak için geldim.,7
Birkaç gün ders çalışmak için sessiz bir ortam istiyorum.,7
"Okul bitirme projemi sunacağım, konaklama ihtiyacım var.",7
Öğretmenlik mülakatı için şehirde bulunuyorum.,7
Mühendislik yarışması için takım arkadaşlarımla konaklayacağız.,7
Girişimcilik seminerine katılmak için şehirdeyim.,7
Mezuniyet belgemi almak için geldim.,7
Girişimcilik seminerine katılmak için şehirdeyim.,7
Mezuniyet belgemi almak için geldim.,7
Mezuniyet belgemi almak için geldim.,7
Mühendislik yarışması için takım arkadaşlarımla konaklayacağız.,7
Öğretmenlik mülakatı için şehirde bulunuyorum.,7
Üniversite kulüp etkinliğine katılıyorum.,7
Öğretmenlik mülakatı için şehirde bulunuyorum.,7
İngilizce yeterlilik sınavı için üniversitemde bulunuyorum.,7
"Okul bitirme projemi sunacağım, konaklama ihtiyacım var.",7
Üniversite kulüp etkinliğine katılıyorum.,7
Girişimcilik seminerine katılmak için şehirdeyim.,7
Öğretmenlik mülakatı için şehirde bulunuyorum.,7
Üniversite arkadaşlarımla mezuniyet toplantımız var.,7
Üniversitemin kariyer günlerine katılmak için geldim.,7
Mühendislik yarışması için takım arkadaşlarımla konaklayacağız.,7
Öğretmenlik mülakatı için şehirde bulunuyorum.,7
Birkaç gün ders çalışmak için sessiz bir ortam istiyorum.,7
Mezuniyet belgemi almak için geldim.,7
Birkaç gün ders çalışmak için sessiz bir ortam istiyorum.,7
Mezuniyet belgemi almak için geldim.,7
Gönüllü projeye katılmak için şehirdeyim.,7
Birkaç gün ders çalışmak için sessiz bir ortam istiyorum.,7
Mezuniyet belgemi almak için geldim.,7
Kampüs içi etkinlikte görev alacağım.,7
Mezuniyet belgemi almak için geldim.,7
Girişimcilik seminerine katılmak için şehirdeyim.,7
İngilizce yeterlilik sınavı için üniversitemde bulunuyorum.,7
Akademik makale yazma atölyesine katılacağım.,7
İngilizce yeterlilik sınavı için üniversitemde bulunuyorum.,7
Üniversitemin kariyer günlerine katılmak için geldim.,7
Öğretmenlik mülakatı için şehirde bulunuyorum.,7
Mühendislik yarışması için takım arkadaşlarımla konaklayacağız.,7
Gönüllü projeye katılmak için şehirdeyim.,7
Üniversite kulüp etkinliğine katılıyorum.,7
"Okul bitirme projemi sunacağım, konaklama ihtiyacım var.",7
Öğretmenlik mülakatı için şehirde bulunuyorum.,7
Öğretmenlik mülakatı için şehirde bulunuyorum.,7
Mezuniyet belgemi almak için geldim.,7
Öğretmenlik mülakatı için şehirde bulunuyorum.,7
İngilizce yeterlilik sınavı için üniversitemde bulunuyorum.,7
Araştırma projemin sunumunu yapacağım.,8
"Üniversite kayıt işlemlerim var, birkaç gün kalmam gerekiyor.",8
Tıp kongresi için şehirde bulunuyorum.,8
"Şehir dışından geldim, okulumun düzenlediği seminere katılacağım.",8
Tıp kongresi için şehirde bulunuyorum.,8
"Bilim olimpiyatları için buradayım, konaklamaya ihtiyacım var.",8
Araştırma projemin sunumunu yapacağım.,8
"Bilim olimpiyatları için buradayım, konaklamaya ihtiyacım var.",8
Bakanlık tarafından düzenlenen gençlik kampına katılıyorum.,8
"Spor turnuvasına katılacağım, gece konaklamaya ihtiyacım var.",8
"Spor turnuvasına katılacağım, gece konaklamaya ihtiyacım var.",8
"Erasmus başvurusu için belgelerimi teslim edeceğim, bir günlüğüne yurtta kalabilir miyim?",8
"Spor turnuvasına katılacağım, gece konaklamaya ihtiyacım var.",8
Tıp kongresi için şehirde bulunuyorum.,8
"Erasmus başvurusu için belgelerimi teslim edeceğim, bir günlüğüne yurtta kalabilir miyim?",8
"Üniversite sınavına hazırlanıyorum, birkaç gün yurtta çalışmak istiyorum.",8
Bakanlık tarafından düzenlenen gençlik kampına katılıyorum.,8
"Üniversite kayıt işlemlerim var, birkaç gün kalmam gerekiyor.",8
"Erasmus başvurusu için belgelerimi teslim edeceğim, bir günlüğüne yurtta kalabilir miyim?",8
Araştırma projemin sunumunu yapacağım.,8
Şehir dışında bir sağlık kongresine katılmak için geldim.,8
Bakanlık tarafından düzenlenen gençlik kampına katılıyorum.,8
"Üniversite kayıt işlemlerim var, birkaç gün kalmam gerekiyor.",8
"Bilim olimpiyatları için buradayım, konaklamaya ihtiyacım var.",8
Ulusal çapta düzenlenen bir kodlama yarışması için buradayım.,8
"Erasmus başvurusu için belgelerimi teslim edeceğim, bir günlüğüne yurtta kalabilir miyim?",8
Bakanlık tarafından düzenlenen gençlik kampına katılıyorum.,8
Araştırma projemin sunumunu yapacağım.,8
"Yurt dışında bir değişim programına katılacağım, evrak işlerimi tamamlıyorum.",8
"Şehir dışından geldim, okulumun düzenlediği seminere katılacağım.",8
Akademik konferansa katılacağım.,8
Akademik konferansa katılacağım.,8
"Bilim olimpiyatları için buradayım, konaklamaya ihtiyacım var.",8
Şehir dışında bir sağlık kongresine katılmak için geldim.,8
Tıp kongresi için şehirde bulunuyorum.,8
"Bilim olimpiyatları için buradayım, konaklamaya ihtiyacım var.",8
Araştırma projemin sunumunu yapacağım.,8
"Üniversite sınavına hazırlanıyorum, birkaç gün yurtta çalışmak istiyorum.",8
"Bilim olimpiyatları için buradayım, konaklamaya ihtiyacım var.",8
Akademik konferansa katılacağım.,8
"Bilim olimpiyatları için buradayım, konaklamaya ihtiyacım var.",8
Ulusal çapta düzenlenen bir kodlama yarışması için buradayım.,8
Araştırma projemin sunumunu yapacağım.,8
"Üniversite sınavına hazırlanıyorum, birkaç gün yurtta çalışmak istiyorum.",8
"Spor turnuvasına katılacağım, gece konaklamaya ihtiyacım var.",8
"Yurt dışında bir değişim programına katılacağım, evrak işlerimi tamamlıyorum.",8
"Şehir dışından geldim, okulumun düzenlediği seminere katılacağım.",8
Ulusal çapta düzenlenen bir kodlama yarışması için buradayım.,8
Doktora tez savunmam için üniversitemde bulunmam gerekiyor.,8
"Üniversite kayıt işlemlerim var, birkaç gün kalmam gerekiyor.",8
"Üniversite sınavına hazırlanıyorum, birkaç gün yurtta çalışmak istiyorum.",8
"Bilim olimpiyatları için buradayım, konaklamaya ihtiyacım var.",8
"Bilim olimpiyatları için buradayım, konaklamaya ihtiyacım var.",8
Akademik konferansa katılacağım.,8
Araştırma projemin sunumunu yapacağım.,8
Tıp kongresi için şehirde bulunuyorum.,8
"Bilim olimpiyatları için buradayım, konaklamaya ihtiyacım var.",8
"Şehir dışından geldim, okulumun düzenlediği seminere katılacağım.",8
"Şehir dışından geldim, okulumun düzenlediği seminere katılacağım.",8
Bakanlık tarafından düzenlenen gençlik kampına katılıyorum.,8
"Spor turnuvasına katılacağım, gece konaklamaya ihtiyacım var.",8
Tıp kongresi için şehirde bulunuyorum.,8
"Spor turnuvasına katılacağım, gece konaklamaya ihtiyacım var.",8
"Üniversite kayıt işlemlerim var, birkaç gün kalmam gerekiyor.",8
Şehir dışında bir sağlık kongresine katılmak için geldim.,8
Akademik konferansa katılacağım.,8
"Spor turnuvasına katılacağım, gece konaklamaya ihtiyacım var.",8
"Üniversite kayıt işlemlerim var, birkaç gün kalmam gerekiyor.",8
"Üniversite sınavına hazırlanıyorum, birkaç gün yurtta çalışmak istiyorum.",8
Doktora tez savunmam için üniversitemde bulunmam gerekiyor.,8
Araştırma projemin sunumunu yapacağım.,8
Şehir dışında bir sağlık kongresine katılmak için geldim.,8
"Erasmus başvurusu için belgelerimi teslim edeceğim, bir günlüğüne yurtta kalabilir miyim?",8
"Spor turnuvasına katılacağım, gece konaklamaya ihtiyacım var.",8
"Şehir dışından geldim, okulumun düzenlediği seminere katılacağım.",8
"Yurt dışında bir değişim programına katılacağım, evrak işlerimi tamamlıyorum.",8
"Üniversite sınavına hazırlanıyorum, birkaç gün yurtta çalışmak istiyorum.",8
Tıp kongresi için şehirde bulunuyorum.,8
Tıp kongresi için şehirde bulunuyorum.,8
"Şehir dışından geldim, okulumun düzenlediği seminere katılacağım.",8
Bakanlık tarafından düzenlenen gençlik kampına katılıyorum.,8
Tıp kongresi için şehirde bulunuyorum.,8
"Bilim olimpiyatları için buradayım, konaklamaya ihtiyacım var.",8
Şehir dışında bir sağlık kongresine katılmak için geldim.,8
"Üniversite kayıt işlemlerim var, birkaç gün kalmam gerekiyor.",8
"Üniversite sınavına hazırlanıyorum, birkaç gün yurtta çalışmak istiyorum.",8
"Bilim olimpiyatları için buradayım, konaklamaya ihtiyacım var.",8
"Erasmus başvurusu için belgelerimi teslim edeceğim, bir günlüğüne yurtta kalabilir miyim?",8
Doktora tez savunmam için üniversitemde bulunmam gerekiyor.,8
"Yurt dışında bir değişim programına katılacağım, evrak işlerimi tamamlıyorum.",8
"Üniversite kayıt işlemlerim var, birkaç gün kalmam gerekiyor.",8
"Bilim olimpiyatları için buradayım, konaklamaya ihtiyacım var.",8
"Üniversite kayıt işlemlerim var, birkaç gün kalmam gerekiyor.",8
Tıp kongresi için şehirde bulunuyorum.,8
"Üniversite kayıt işlemlerim var, birkaç gün kalmam gerekiyor.",8
Bakanlık tarafından düzenlenen gençlik kampına katılıyorum.,8
"Yurt dışında bir değişim programına katılacağım, evrak işlerimi tamamlıyorum.",8
Akademik konferansa katılacağım.,8
Ulusal çapta düzenlenen bir kodlama yarışması için buradayım.,8
"Erasmus başvurusu için belgelerimi teslim edeceğim, bir günlüğüne yurtta kalabilir miyim?",8
"Üniversite sınavına hazırlanıyorum, birkaç gün yurtta çalışmak istiyorum.",9
Bakanlık tarafından düzenlenen gençlik kampına katılıyorum.,9
"Üniversite sınavına hazırlanıyorum, birkaç gün yurtta çalışmak istiyorum.",9
Araştırma projemin sunumunu yapacağım.,9
"Üniversite sınavına hazırlanıyorum, birkaç gün yurtta çalışmak istiyorum.",9
"Üniversite sınavına hazırlanıyorum, birkaç gün yurtta çalışmak istiyorum.",9
Araştırma projemin sunumunu yapacağım.,9
"Üniversite sınavına hazırlanıyorum, birkaç gün yurtta çalışmak istiyorum.",9
"Bilim olimpiyatları için buradayım, konaklamaya ihtiyacım var.",9
"Erasmus başvurusu için belgelerimi teslim edeceğim, bir günlüğüne yurtta kalabilir miyim?",9
"Üniversite sınavına hazırlanıyorum, birkaç gün yurtta çalışmak istiyorum.",9
"Bilim olimpiyatları için buradayım, konaklamaya ihtiyacım var.",9
"Üniversite sınavına hazırlanıyorum, birkaç gün yurtta çalışmak istiyorum.",9
Bakanlık tarafından düzenlenen gençlik kampına katılıyorum.,9
Araştırma projemin sunumunu yapacağım.,9
Akademik konferansa katılacağım.,9
Şehir dışında bir sağlık kongresine katılmak için geldim.,9
Araştırma projemin sunumunu yapacağım.,9
"Şehir dışından geldim, okulumun düzenlediği seminere katılacağım.",9
"Üniversite sınavına hazırlanıyorum, birkaç gün yurtta çalışmak istiyorum.",9
Bakanlık tarafından düzenlenen gençlik kampına katılıyorum.,9
Bakanlık tarafından düzenlenen gençlik kampına katılıyorum.,9
Bakanlık tarafından düzenlenen gençlik kampına katılıyorum.,9
Tıp kongresi için şehirde bulunuyorum.,9
Tıp kongresi için şehirde bulunuyorum.,9
"Bilim olimpiyatları için buradayım, konaklamaya ihtiyacım var.",9
Tıp kongresi için şehirde bulunuyorum.,9
Şehir dışında bir sağlık kongresine katılmak için geldim.,9
"Yurt dışında bir değişim programına katılacağım, evrak işlerimi tamamlıyorum.",9
"Üniversite sınavına hazırlanıyorum, birkaç gün yurtta çalışmak istiyorum.",9
"Üniversite sınavına hazırlanıyorum, birkaç gün yurtta çalışmak istiyorum.",9
Şehir dışında bir sağlık kongresine katılmak için geldim.,9
"Şehir dışından geldim, okulumun düzenlediği seminere katılacağım.",9
Araştırma projemin sunumunu yapacağım.,9
"TÜBİTAK proje yarışmasına katılacağım, yurtta kalabilir miyim?",9
Şehir dışında bir sağlık kongresine katılmak için geldim.,9
Doktora tez savunmam için üniversitemde bulunmam gerekiyor.,9
Bakanlık tarafından düzenlenen gençlik kampına katılıyorum.,9
"Şehir dışından geldim, okulumun düzenlediği seminere katılacağım.",9
Bakanlık tarafından düzenlenen gençlik kampına katılıyorum.,9
"Üniversite sınavına hazırlanıyorum, birkaç gün yurtta çalışmak istiyorum.",9
"Bilim olimpiyatları için buradayım, konaklamaya ihtiyacım var.",9
Bakanlık tarafından düzenlenen gençlik kampına katılıyorum.,9
Doktora tez savunmam için üniversitemde bulunmam gerekiyor.,9
Akademik konferansa katılacağım.,9
"Bilim olimpiyatları için buradayım, konaklamaya ihtiyacım var.",9
"Bilim olimpiyatları için buradayım, konaklamaya ihtiyacım var.",9
Bakanlık tarafından düzenlenen gençlik kampına katılıyorum.,9
Doktora tez savunmam için üniversitemde bulunmam gerekiyor.,9
Doktora tez savunmam için üniversitemde bulunmam gerekiyor.,9
"Bilim olimpiyatları için buradayım, konaklamaya ihtiyacım var.",9
Araştırma projemin sunumunu yapacağım.,9
Ulusal çapta düzenlenen bir kodlama yarışması için buradayım.,9
Doktora tez savunmam için üniversitemde bulunmam gerekiyor.,9
Ulusal çapta düzenlenen bir kodlama yarışması için buradayım.,9
"Şehir dışından geldim, okulumun düzenlediği seminere katılacağım.",9
Şehir dışında bir sağlık kongresine katılmak için geldim.,9
Doktora tez savunmam için üniversitemde bulunmam gerekiyor.,9
Ulusal çapta düzenlenen bir kodlama yarışması için buradayım.,9
Tıp kongresi için şehirde bulunuyorum.,9
"Şehir dışından geldim, okulumun düzenlediği seminere katılacağım.",9
"Yurt dışında bir değişim programına katılacağım, evrak işlerimi tamamlıyorum.",9
Bakanlık tarafından düzenlenen gençlik kampına katılıyorum.,9
Tıp kongresi için şehirde bulunuyorum.,9
Araştırma projemin sunumunu yapacağım.,9
"Üniversite sınavına hazırlanıyorum, birkaç gün yurtta çalışmak istiyorum.",9
"Üniversite sınavına hazırlanıyorum, birkaç gün yurtta çalışmak istiyorum.",9
Şehir dışında bir sağlık kongresine katılmak için geldim.,9
Bakanlık tarafından düzenlenen gençlik kampına katılıyorum.,9
Araştırma projemin sunumunu yapacağım.,9
Doktora tez savunmam için üniversitemde bulunmam gerekiyor.,9
Bakanlık tarafından düzenlenen gençlik kampına katılıyorum.,9
Şehir dışında bir sağlık kongresine katılmak için geldim.,9
Ulusal çapta düzenlenen bir kodlama yarışması için buradayım.,9
Bakanlık tarafından düzenlenen gençlik kampına katılıyorum.,9
Akademik konferansa katılacağım.,9
Akademik konferansa katılacağım.,9
"Şehir dışından geldim, okulumun düzenlediği seminere katılacağım.",9
"Yurt dışında bir değişim programına katılacağım, evrak işlerimi tamamlıyorum.",9
Akademik konferansa katılacağım.,9
"Bilim olimpiyatları için buradayım, konaklamaya ihtiyacım var.",9
"Bilim olimpiyatları için buradayım, konaklamaya ihtiyacım var.",9
Akademik konferansa katılacağım.,9
Ulusal çapta düzenlenen bir kodlama yarışması için buradayım.,9
Araştırma projemin sunumunu yapacağım.,9
"TÜBİTAK proje yarışmasına katılacağım, yurtta kalabilir miyim?",9
"Şehir dışından geldim, okulumun düzenlediği seminere katılacağım.",9
Şehir dışında bir sağlık kongresine katılmak için geldim.,9
Ulusal çapta düzenlenen bir kodlama yarışması için buradayım.,9
Akademik konferansa katılacağım.,9
"Yurt dışında bir değişim programına katılacağım, evrak işlerimi tamamlıyorum.",9
"Üniversite sınavına hazırlanıyorum, birkaç gün yurtta çalışmak istiyorum.",9
Tıp kongresi için şehirde bulunuyorum.,9
"Üniversite kayıt işlemlerim var, birkaç gün kalmam gerekiyor.",9
Doktora tez savunmam için üniversitemde bulunmam gerekiyor.,9
"Bilim olimpiyatları için buradayım, konaklamaya ihtiyacım var.",9
Ulusal çapta düzenlenen bir kodlama yarışması için buradayım.,9
"Bilim olimpiyatları için buradayım, konaklamaya ihtiyacım var.",9
"Üniversite sınavına hazırlanıyorum, birkaç gün yurtta çalışmak istiyorum.",9
Akademik konferansa katılacağım.,9
Araştırma projemin sunumunu yapacağım.,10
"Üniversite sınavına hazırlanıyorum, birkaç gün yurtta çalışmak istiyorum.",10
"Üniversite sınavına hazırlanıyorum, birkaç gün yurtta çalışmak istiyorum.",10
"Erasmus başvurusu için belgelerimi teslim edeceğim, bir günlüğüne yurtta kalabilir miyim?",10
Araştırma projemin sunumunu yapacağım.,10
"Erasmus başvurusu için belgelerimi teslim edeceğim, bir günlüğüne yurtta kalabilir miyim?",10
Ulusal çapta düzenlenen bir kodlama yarışması için buradayım.,10
Araştırma projemin sunumunu yapacağım.,10
"Spor turnuvasına katılacağım, gece konaklamaya ihtiyacım var.",10
"Üniversite sınavına hazırlanıyorum, birkaç gün yurtta çalışmak istiyorum.",10
Ulusal çapta düzenlenen bir kodlama yarışması için buradayım.,10
Ulusal çapta düzenlenen bir kodlama yarışması için buradayım.,10
"Bilim olimpiyatları için buradayım, konaklamaya ihtiyacım var.",10
"Erasmus başvurusu için belgelerimi teslim edeceğim, bir günlüğüne yurtta kalabilir miyim?",10
Tıp kongresi için şehirde bulunuyorum.,10
"TÜBİTAK proje yarışmasına katılacağım, yurtta kalabilir miyim?",10
"Bilim olimpiyatları için buradayım, konaklamaya ihtiyacım var.",10
"Üniversite sınavına hazırlanıyorum, birkaç gün yurtta çalışmak istiyorum.",10
Tıp kongresi için şehirde bulunuyorum.,10
"Erasmus başvurusu için belgelerimi teslim edeceğim, bir günlüğüne yurtta kalabilir miyim?",10
Akademik konferansa katılacağım.,10
"Bilim olimpiyatları için buradayım, konaklamaya ihtiyacım var.",10
Araştırma projemin sunumunu yapacağım.,10
Akademik konferansa katılacağım.,10
"Yurt dışında bir değişim programına katılacağım, evrak işlerimi tamamlıyorum.",10
Akademik konferansa katılacağım.,10
Ulusal çapta düzenlenen bir kodlama yarışması için buradayım.,10
"Üniversite kayıt işlemlerim var, birkaç gün kalmam gerekiyor.",10
Akademik konferansa katılacağım.,10
Tıp kongresi için şehirde bulunuyorum.,10
Araştırma projemin sunumunu yapacağım.,10
"Yurt dışında bir değişim programına katılacağım, evrak işlerimi tamamlıyorum.",10
"Üniversite sınavına hazırlanıyorum, birkaç gün yurtta çalışmak istiyorum.",10
"Erasmus başvurusu için belgelerimi teslim edeceğim, bir günlüğüne yurtta kalabilir miyim?",10
Akademik konferansa katılacağım.,10
Araştırma projemin sunumunu yapacağım.,10
"Yurt dışında bir değişim programına katılacağım, evrak işlerimi tamamlıyorum.",10
"Erasmus başvurusu için belgelerimi teslim edeceğim, bir günlüğüne yurtta kalabilir miyim?",10
"Şehir dışından geldim, okulumun düzenlediği seminere katılacağım.",10
"Üniversite kayıt işlemlerim var, birkaç gün kalmam gerekiyor.",10
Araştırma projemin sunumunu yapacağım.,10
"Şehir dışından geldim, okulumun düzenlediği seminere katılacağım.",10
"Üniversite sınavına hazırlanıyorum, birkaç gün yurtta çalışmak istiyorum.",10
"Üniversite sınavına hazırlanıyorum, birkaç gün yurtta çalışmak istiyorum.",10
"Üniversite kayıt işlemlerim var, birkaç gün kalmam gerekiyor.",10
"Üniversite kayıt işlemlerim var, birkaç gün kalmam gerekiyor.",10
Ulusal çapta düzenlenen bir kodlama yarışması için buradayım.,10
Ulusal çapta düzenlenen bir kodlama yarışması için buradayım.,10
Tıp kongresi için şehirde bulunuyorum.,10
Araştırma projemin sunumunu yapacağım.,10
Ulusal çapta düzenlenen bir kodlama yarışması için buradayım.,10
Tıp kongresi için şehirde bulunuyorum.,10
"Yurt dışında bir değişim programına katılacağım, evrak işlerimi tamamlıyorum.",10
"Erasmus başvurusu için belgelerimi teslim edeceğim, bir günlüğüne yurtta kalabilir miyim?",10
Bakanlık tarafından düzenlenen gençlik kampına katılıyorum.,10
Tıp kongresi için şehirde bulunuyorum.,10
Bakanlık tarafından düzenlenen gençlik kampına katılıyorum.,10
"Erasmus başvurusu için belgelerimi teslim edeceğim, bir günlüğüne yurtta kalabilir miyim?",10
Akademik konferansa katılacağım.,10
Bakanlık tarafından düzenlenen gençlik kampına katılıyorum.,10
Araştırma projemin sunumunu yapacağım.,10
"Şehir dışından geldim, okulumun düzenlediği seminere katılacağım.",10
Ulusal çapta düzenlenen bir kodlama yarışması için buradayım.,10
Araştırma projemin sunumunu yapacağım.,10
"Erasmus başvurusu için belgelerimi teslim edeceğim, bir günlüğüne yurtta kalabilir miyim?",10
"Şehir dışından geldim, okulumun düzenlediği seminere katılacağım.",10
"Yurt dışında bir değişim programına katılacağım, evrak işlerimi tamamlıyorum.",10
"Erasmus başvurusu için belgelerimi teslim edeceğim, bir günlüğüne yurtta kalabilir miyim?",10
"Spor turnuvasına katılacağım, gece konaklamaya ihtiyacım var.",10
Tıp kongresi için şehirde bulunuyorum.,10
Bakanlık tarafından düzenlenen gençlik kampına katılıyorum.,10
"TÜBİTAK proje yarışmasına katılacağım, yurtta kalabilir miyim?",10
Tıp kongresi için şehirde bulunuyorum.,10
Akademik konferansa katılacağım.,10
Bakanlık tarafından düzenlenen gençlik kampına katılıyorum.,10
"Üniversite sınavına hazırlanıyorum, birkaç gün yurtta çalışmak istiyorum.",10
Akademik konferansa katılacağım.,10
Tıp kongresi için şehirde bulunuyorum.,10
"Üniversite sınavına hazırlanıyorum, birkaç gün yurtta çalışmak istiyorum.",10
"Üniversite sınavına hazırlanıyorum, birkaç gün yurtta çalışmak istiyorum.",10
Ulusal çapta düzenlenen bir kodlama yarışması için buradayım.,10
Bakanlık tarafından düzenlenen gençlik kampına katılıyorum.,10
Araştırma projemin sunumunu yapacağım.,10
Akademik konferansa katılacağım.,10
Şehir dışında bir sağlık kongresine katılmak için geldim.,10
Tıp kongresi için şehirde bulunuyorum.,10
"Erasmus başvurusu için belgelerimi teslim edeceğim, bir günlüğüne yurtta kalabilir miyim?",10
"Şehir dışından geldim, okulumun düzenlediği seminere katılacağım.",10
"TÜBİTAK proje yarışmasına katılacağım, yurtta kalabilir miyim?",10
"Erasmus başvurusu için belgelerimi teslim edeceğim, bir günlüğüne yurtta kalabilir miyim?",10
"Erasmus başvurusu için belgelerimi teslim edeceğim, bir günlüğüne yurtta kalabilir miyim?",10
"Erasmus başvurusu için belgelerimi teslim edeceğim, bir günlüğüne yurtta kalabilir miyim?",10
"Üniversite sınavına hazırlanıyorum, birkaç gün yurtta çalışmak istiyorum.",10
"TÜBİTAK proje yarışmasına katılacağım, yurtta kalabilir miyim?",10
Ulusal çapta düzenlenen bir kodlama yarışması için buradayım.,10
"Yurt dışında bir değişim programına katılacağım, evrak işlerimi tamamlıyorum.",10
"TÜBİTAK proje yarışmasına katılacağım, yurtta kalabilir miyim?",10
Ulusal çapta düzenlenen bir kodlama yarışması için buradayım.,10
"Şehir dışından geldim, okulumun düzenlediği seminere katılacağım.",10
"Erasmus başvurusu için belgelerimi teslim edeceğim, bir günlüğüne yurtta kalabilir miyim?",10
